[
{
  "model": "admin.logentry",
  "pk": 1,
  "fields": {
    "action_time": "2026-01-11T08:10:12.013Z",
    "user": 1,
    "content_type": 2,
    "object_id": "1",
    "object_repr": "Manager",
    "action_flag": 1,
    "change_message": "[{\"added\": {}}]"
  }
},
{
  "model": "admin.logentry",
  "pk": 2,
  "fields": {
    "action_time": "2026-01-11T08:13:41.896Z",
    "user": 1,
    "content_type": 2,
    "object_id": "2",
    "object_repr": "Delivery crew",
    "action_flag": 1,
    "change_message": "[{\"added\": {}}]"
  }
},
{
  "model": "admin.logentry",
  "pk": 3,
  "fields": {
    "action_time": "2026-01-11T08:13:50.129Z",
    "user": 1,
    "content_type": 2,
    "object_id": "2",
    "object_repr": "Delivery crew",
    "action_flag": 2,
    "change_message": "[]"
  }
},
{
  "model": "admin.logentry",
  "pk": 4,
  "fields": {
    "action_time": "2026-01-11T08:18:38.607Z",
    "user": 1,
    "content_type": 10,
    "object_id": "1",
    "object_repr": "Appetizers",
    "action_flag": 1,
    "change_message": "[{\"added\": {}}]"
  }
},
{
  "model": "admin.logentry",
  "pk": 5,
  "fields": {
    "action_time": "2026-01-11T08:18:57.631Z",
    "user": 1,
    "content_type": 10,
    "object_id": "2",
    "object_repr": "Main Course",
    "action_flag": 1,
    "change_message": "[{\"added\": {}}]"
  }
},
{
  "model": "admin.logentry",
  "pk": 6,
  "fields": {
    "action_time": "2026-01-11T08:19:07.422Z",
    "user": 1,
    "content_type": 10,
    "object_id": "3",
    "object_repr": "Desserts",
    "action_flag": 1,
    "change_message": "[{\"added\": {}}]"
  }
},
{
  "model": "admin.logentry",
  "pk": 7,
  "fields": {
    "action_time": "2026-01-11T08:19:18.196Z",
    "user": 1,
    "content_type": 10,
    "object_id": "4",
    "object_repr": "Beverages",
    "action_flag": 1,
    "change_message": "[{\"added\": {}}]"
  }
},
{
  "model": "admin.logentry",
  "pk": 8,
  "fields": {
    "action_time": "2026-01-11T08:19:29.372Z",
    "user": 1,
    "content_type": 10,
    "object_id": "5",
    "object_repr": "Salads",
    "action_flag": 1,
    "change_message": "[{\"added\": {}}]"
  }
},
{
  "model": "admin.logentry",
  "pk": 9,
  "fields": {
    "action_time": "2026-01-11T08:19:35.710Z",
    "user": 1,
    "content_type": 10,
    "object_id": "6",
    "object_repr": "Soups",
    "action_flag": 1,
    "change_message": "[{\"added\": {}}]"
  }
},
{
  "model": "admin.logentry",
  "pk": 10,
  "fields": {
    "action_time": "2026-01-11T08:19:46.693Z",
    "user": 1,
    "content_type": 10,
    "object_id": "7",
    "object_repr": "Fast Food",
    "action_flag": 1,
    "change_message": "[{\"added\": {}}]"
  }
},
{
  "model": "admin.logentry",
  "pk": 11,
  "fields": {
    "action_time": "2026-01-11T08:19:53.642Z",
    "user": 1,
    "content_type": 10,
    "object_id": "8",
    "object_repr": "Seafood",
    "action_flag": 1,
    "change_message": "[{\"added\": {}}]"
  }
},
{
  "model": "admin.logentry",
  "pk": 12,
  "fields": {
    "action_time": "2026-01-11T08:19:59.357Z",
    "user": 1,
    "content_type": 10,
    "object_id": "9",
    "object_repr": "Vegetarian",
    "action_flag": 1,
    "change_message": "[{\"added\": {}}]"
  }
},
{
  "model": "admin.logentry",
  "pk": 13,
  "fields": {
    "action_time": "2026-01-11T08:20:06.612Z",
    "user": 1,
    "content_type": 10,
    "object_id": "10",
    "object_repr": "Breakfast",
    "action_flag": 1,
    "change_message": "[{\"added\": {}}]"
  }
},
{
  "model": "admin.logentry",
  "pk": 14,
  "fields": {
    "action_time": "2026-01-11T08:20:47.326Z",
    "user": 1,
    "content_type": 11,
    "object_id": "1",
    "object_repr": "Garlic Bread",
    "action_flag": 1,
    "change_message": "[{\"added\": {}}]"
  }
},
{
  "model": "admin.logentry",
  "pk": 15,
  "fields": {
    "action_time": "2026-01-11T09:35:41.418Z",
    "user": 1,
    "content_type": 11,
    "object_id": "1",
    "object_repr": "Garlic Bread",
    "action_flag": 2,
    "change_message": "[]"
  }
},
{
  "model": "admin.logentry",
  "pk": 16,
  "fields": {
    "action_time": "2026-01-11T09:35:52.870Z",
    "user": 1,
    "content_type": 11,
    "object_id": "2",
    "object_repr": "Garlic Bread",
    "action_flag": 1,
    "change_message": "[{\"added\": {}}]"
  }
},
{
  "model": "admin.logentry",
  "pk": 17,
  "fields": {
    "action_time": "2026-01-11T09:36:07.985Z",
    "user": 1,
    "content_type": 11,
    "object_id": "3",
    "object_repr": "Spring Rolls",
    "action_flag": 1,
    "change_message": "[{\"added\": {}}]"
  }
},
{
  "model": "admin.logentry",
  "pk": 18,
  "fields": {
    "action_time": "2026-01-11T09:36:17.409Z",
    "user": 1,
    "content_type": 11,
    "object_id": "4",
    "object_repr": "Paneer Tikka",
    "action_flag": 1,
    "change_message": "[{\"added\": {}}]"
  }
},
{
  "model": "admin.logentry",
  "pk": 19,
  "fields": {
    "action_time": "2026-01-11T09:36:26.727Z",
    "user": 1,
    "content_type": 11,
    "object_id": "5",
    "object_repr": "Chicken Wings",
    "action_flag": 1,
    "change_message": "[{\"added\": {}}]"
  }
},
{
  "model": "admin.logentry",
  "pk": 20,
  "fields": {
    "action_time": "2026-01-11T09:36:42.495Z",
    "user": 1,
    "content_type": 11,
    "object_id": "6",
    "object_repr": "Caesar Salad",
    "action_flag": 1,
    "change_message": "[{\"added\": {}}]"
  }
},
{
  "model": "admin.logentry",
  "pk": 21,
  "fields": {
    "action_time": "2026-01-11T09:37:05.415Z",
    "user": 1,
    "content_type": 11,
    "object_id": "7",
    "object_repr": "Garden Fresh Salad",
    "action_flag": 1,
    "change_message": "[{\"added\": {}}]"
  }
},
{
  "model": "admin.logentry",
  "pk": 22,
  "fields": {
    "action_time": "2026-01-11T09:37:18.835Z",
    "user": 1,
    "content_type": 11,
    "object_id": "8",
    "object_repr": "Greek Salad",
    "action_flag": 1,
    "change_message": "[{\"added\": {}}]"
  }
},
{
  "model": "admin.logentry",
  "pk": 23,
  "fields": {
    "action_time": "2026-01-11T09:37:34.732Z",
    "user": 1,
    "content_type": 11,
    "object_id": "9",
    "object_repr": "Hot & Sour Soup",
    "action_flag": 1,
    "change_message": "[{\"added\": {}}]"
  }
},
{
  "model": "admin.logentry",
  "pk": 24,
  "fields": {
    "action_time": "2026-01-11T09:37:43.007Z",
    "user": 1,
    "content_type": 11,
    "object_id": "10",
    "object_repr": "Sweet Corn Soup",
    "action_flag": 1,
    "change_message": "[{\"added\": {}}]"
  }
},
{
  "model": "admin.logentry",
  "pk": 25,
  "fields": {
    "action_time": "2026-01-11T09:37:50.072Z",
    "user": 1,
    "content_type": 11,
    "object_id": "11",
    "object_repr": "Tomato Soup",
    "action_flag": 1,
    "change_message": "[{\"added\": {}}]"
  }
},
{
  "model": "admin.logentry",
  "pk": 26,
  "fields": {
    "action_time": "2026-01-11T09:38:07.247Z",
    "user": 1,
    "content_type": 11,
    "object_id": "12",
    "object_repr": "Club Sandwich",
    "action_flag": 1,
    "change_message": "[{\"added\": {}}]"
  }
},
{
  "model": "admin.logentry",
  "pk": 27,
  "fields": {
    "action_time": "2026-01-11T09:38:15.863Z",
    "user": 1,
    "content_type": 11,
    "object_id": "13",
    "object_repr": "French Fries",
    "action_flag": 1,
    "change_message": "[{\"added\": {}}]"
  }
},
{
  "model": "admin.logentry",
  "pk": 28,
  "fields": {
    "action_time": "2026-01-11T09:38:25.063Z",
    "user": 1,
    "content_type": 11,
    "object_id": "14",
    "object_repr": "Chicken Burger",
    "action_flag": 1,
    "change_message": "[{\"added\": {}}]"
  }
},
{
  "model": "admin.logentry",
  "pk": 29,
  "fields": {
    "action_time": "2026-01-11T09:38:39.044Z",
    "user": 1,
    "content_type": 11,
    "object_id": "15",
    "object_repr": "Veg Burger",
    "action_flag": 1,
    "change_message": "[{\"added\": {}}]"
  }
},
{
  "model": "admin.logentry",
  "pk": 30,
  "fields": {
    "action_time": "2026-01-11T09:39:00.973Z",
    "user": 1,
    "content_type": 11,
    "object_id": "16",
    "object_repr": "Margherita Pizza",
    "action_flag": 1,
    "change_message": "[{\"added\": {}}]"
  }
},
{
  "model": "admin.logentry",
  "pk": 31,
  "fields": {
    "action_time": "2026-01-11T09:39:10.262Z",
    "user": 1,
    "content_type": 11,
    "object_id": "17",
    "object_repr": "Farmhouse Pizza",
    "action_flag": 1,
    "change_message": "[{\"added\": {}}]"
  }
},
{
  "model": "admin.logentry",
  "pk": 32,
  "fields": {
    "action_time": "2026-01-11T09:39:21.463Z",
    "user": 1,
    "content_type": 11,
    "object_id": "18",
    "object_repr": "Pepperoni Pizza",
    "action_flag": 1,
    "change_message": "[{\"added\": {}}]"
  }
},
{
  "model": "admin.logentry",
  "pk": 33,
  "fields": {
    "action_time": "2026-01-11T09:39:30.029Z",
    "user": 1,
    "content_type": 11,
    "object_id": "19",
    "object_repr": "Veg Biryani",
    "action_flag": 1,
    "change_message": "[{\"added\": {}}]"
  }
},
{
  "model": "admin.logentry",
  "pk": 34,
  "fields": {
    "action_time": "2026-01-11T09:39:38.958Z",
    "user": 1,
    "content_type": 11,
    "object_id": "20",
    "object_repr": "Chicken Biryani",
    "action_flag": 1,
    "change_message": "[{\"added\": {}}]"
  }
},
{
  "model": "admin.logentry",
  "pk": 35,
  "fields": {
    "action_time": "2026-01-11T09:39:46.266Z",
    "user": 1,
    "content_type": 11,
    "object_id": "21",
    "object_repr": "Paneer Butter Masala",
    "action_flag": 1,
    "change_message": "[{\"added\": {}}]"
  }
},
{
  "model": "admin.logentry",
  "pk": 36,
  "fields": {
    "action_time": "2026-01-11T09:39:53.968Z",
    "user": 1,
    "content_type": 11,
    "object_id": "22",
    "object_repr": "Butter Chicken",
    "action_flag": 1,
    "change_message": "[{\"added\": {}}]"
  }
},
{
  "model": "admin.logentry",
  "pk": 37,
  "fields": {
    "action_time": "2026-01-11T09:40:13.072Z",
    "user": 1,
    "content_type": 11,
    "object_id": "23",
    "object_repr": "Veg Noodles",
    "action_flag": 1,
    "change_message": "[{\"added\": {}}]"
  }
},
{
  "model": "admin.logentry",
  "pk": 38,
  "fields": {
    "action_time": "2026-01-11T09:40:25.414Z",
    "user": 1,
    "content_type": 11,
    "object_id": "24",
    "object_repr": "Veg Fried Rice",
    "action_flag": 1,
    "change_message": "[{\"added\": {}}]"
  }
},
{
  "model": "admin.logentry",
  "pk": 39,
  "fields": {
    "action_time": "2026-01-11T09:40:35.698Z",
    "user": 1,
    "content_type": 11,
    "object_id": "25",
    "object_repr": "Dal Tadka",
    "action_flag": 1,
    "change_message": "[{\"added\": {}}]"
  }
},
{
  "model": "admin.logentry",
  "pk": 40,
  "fields": {
    "action_time": "2026-01-11T09:40:52.624Z",
    "user": 1,
    "content_type": 11,
    "object_id": "26",
    "object_repr": "Prawn Masala",
    "action_flag": 1,
    "change_message": "[{\"added\": {}}]"
  }
},
{
  "model": "admin.logentry",
  "pk": 41,
  "fields": {
    "action_time": "2026-01-11T09:41:01.741Z",
    "user": 1,
    "content_type": 11,
    "object_id": "27",
    "object_repr": "Fish Curry",
    "action_flag": 1,
    "change_message": "[{\"added\": {}}]"
  }
},
{
  "model": "admin.logentry",
  "pk": 42,
  "fields": {
    "action_time": "2026-01-11T09:41:09.432Z",
    "user": 1,
    "content_type": 11,
    "object_id": "28",
    "object_repr": "Grilled Fish",
    "action_flag": 1,
    "change_message": "[{\"added\": {}}]"
  }
},
{
  "model": "admin.logentry",
  "pk": 43,
  "fields": {
    "action_time": "2026-01-11T09:41:25.490Z",
    "user": 1,
    "content_type": 11,
    "object_id": "29",
    "object_repr": "Fresh Orange Juice",
    "action_flag": 1,
    "change_message": "[{\"added\": {}}]"
  }
},
{
  "model": "admin.logentry",
  "pk": 44,
  "fields": {
    "action_time": "2026-01-11T09:41:34.613Z",
    "user": 1,
    "content_type": 11,
    "object_id": "30",
    "object_repr": "Masala Tea",
    "action_flag": 1,
    "change_message": "[{\"added\": {}}]"
  }
},
{
  "model": "admin.logentry",
  "pk": 45,
  "fields": {
    "action_time": "2026-01-11T09:41:44.716Z",
    "user": 1,
    "content_type": 11,
    "object_id": "31",
    "object_repr": "Lemonade",
    "action_flag": 1,
    "change_message": "[{\"added\": {}}]"
  }
},
{
  "model": "admin.logentry",
  "pk": 46,
  "fields": {
    "action_time": "2026-01-11T09:41:53.991Z",
    "user": 1,
    "content_type": 11,
    "object_id": "32",
    "object_repr": "Cold Coffee",
    "action_flag": 1,
    "change_message": "[{\"added\": {}}]"
  }
},
{
  "model": "admin.logentry",
  "pk": 47,
  "fields": {
    "action_time": "2026-01-11T09:42:01.055Z",
    "user": 1,
    "content_type": 11,
    "object_id": "33",
    "object_repr": "Cold Coffee",
    "action_flag": 1,
    "change_message": "[{\"added\": {}}]"
  }
},
{
  "model": "admin.logentry",
  "pk": 48,
  "fields": {
    "action_time": "2026-01-11T09:42:11.883Z",
    "user": 1,
    "content_type": 11,
    "object_id": "34",
    "object_repr": "Chocolate Brownie",
    "action_flag": 1,
    "change_message": "[{\"added\": {}}]"
  }
},
{
  "model": "admin.logentry",
  "pk": 49,
  "fields": {
    "action_time": "2026-01-11T09:42:22.824Z",
    "user": 1,
    "content_type": 11,
    "object_id": "35",
    "object_repr": "Cheesecake",
    "action_flag": 1,
    "change_message": "[{\"added\": {}}]"
  }
},
{
  "model": "admin.logentry",
  "pk": 50,
  "fields": {
    "action_time": "2026-01-11T09:42:35.713Z",
    "user": 1,
    "content_type": 11,
    "object_id": "36",
    "object_repr": "Gulab Jamun",
    "action_flag": 1,
    "change_message": "[{\"added\": {}}]"
  }
},
{
  "model": "admin.logentry",
  "pk": 51,
  "fields": {
    "action_time": "2026-01-11T09:42:45.782Z",
    "user": 1,
    "content_type": 11,
    "object_id": "37",
    "object_repr": "Vanilla Ice Cream",
    "action_flag": 1,
    "change_message": "[{\"added\": {}}]"
  }
},
{
  "model": "admin.logentry",
  "pk": 52,
  "fields": {
    "action_time": "2026-01-11T09:42:58.796Z",
    "user": 1,
    "content_type": 11,
    "object_id": "38",
    "object_repr": "Chicken Thali",
    "action_flag": 1,
    "change_message": "[{\"added\": {}}]"
  }
},
{
  "model": "admin.logentry",
  "pk": 53,
  "fields": {
    "action_time": "2026-01-11T09:43:05.509Z",
    "user": 1,
    "content_type": 11,
    "object_id": "39",
    "object_repr": "Tandoori Roti",
    "action_flag": 1,
    "change_message": "[{\"added\": {}}]"
  }
},
{
  "model": "admin.logentry",
  "pk": 54,
  "fields": {
    "action_time": "2026-01-11T09:43:14.182Z",
    "user": 1,
    "content_type": 11,
    "object_id": "40",
    "object_repr": "Butter Naan",
    "action_flag": 1,
    "change_message": "[{\"added\": {}}]"
  }
},
{
  "model": "admin.logentry",
  "pk": 55,
  "fields": {
    "action_time": "2026-01-11T09:43:24.045Z",
    "user": 1,
    "content_type": 11,
    "object_id": "41",
    "object_repr": "Ice Tea",
    "action_flag": 1,
    "change_message": "[{\"added\": {}}]"
  }
},
{
  "model": "admin.logentry",
  "pk": 56,
  "fields": {
    "action_time": "2026-01-11T09:43:32.271Z",
    "user": 1,
    "content_type": 11,
    "object_id": "42",
    "object_repr": "Strawberry Milkshake",
    "action_flag": 1,
    "change_message": "[{\"added\": {}}]"
  }
},
{
  "model": "admin.logentry",
  "pk": 57,
  "fields": {
    "action_time": "2026-01-11T09:43:40.462Z",
    "user": 1,
    "content_type": 11,
    "object_id": "43",
    "object_repr": "Fruit Salad",
    "action_flag": 1,
    "change_message": "[{\"added\": {}}]"
  }
},
{
  "model": "admin.logentry",
  "pk": 58,
  "fields": {
    "action_time": "2026-01-11T09:43:48.213Z",
    "user": 1,
    "content_type": 11,
    "object_id": "44",
    "object_repr": "Sizzling Brownie",
    "action_flag": 1,
    "change_message": "[{\"added\": {}}]"
  }
},
{
  "model": "admin.logentry",
  "pk": 59,
  "fields": {
    "action_time": "2026-01-11T09:43:58.527Z",
    "user": 1,
    "content_type": 11,
    "object_id": "45",
    "object_repr": "Veg Thali",
    "action_flag": 1,
    "change_message": "[{\"added\": {}}]"
  }
},
{
  "model": "admin.logentry",
  "pk": 60,
  "fields": {
    "action_time": "2026-01-11T09:44:12.628Z",
    "user": 1,
    "content_type": 11,
    "object_id": "46",
    "object_repr": "Idli Sambhar",
    "action_flag": 1,
    "change_message": "[{\"added\": {}}]"
  }
},
{
  "model": "admin.logentry",
  "pk": 61,
  "fields": {
    "action_time": "2026-01-11T09:44:23.992Z",
    "user": 1,
    "content_type": 11,
    "object_id": "47",
    "object_repr": "Masala Dosa",
    "action_flag": 1,
    "change_message": "[{\"added\": {}}]"
  }
},
{
  "model": "admin.logentry",
  "pk": 62,
  "fields": {
    "action_time": "2026-01-11T09:44:32.788Z",
    "user": 1,
    "content_type": 11,
    "object_id": "48",
    "object_repr": "Omelette",
    "action_flag": 1,
    "change_message": "[{\"added\": {}}]"
  }
},
{
  "model": "admin.logentry",
  "pk": 63,
  "fields": {
    "action_time": "2026-01-11T09:44:40.608Z",
    "user": 1,
    "content_type": 11,
    "object_id": "49",
    "object_repr": "Toast & Butter",
    "action_flag": 1,
    "change_message": "[{\"added\": {}}]"
  }
},
{
  "model": "admin.logentry",
  "pk": 64,
  "fields": {
    "action_time": "2026-01-11T09:44:51.360Z",
    "user": 1,
    "content_type": 11,
    "object_id": "50",
    "object_repr": "Pancakes",
    "action_flag": 1,
    "change_message": "[{\"added\": {}}]"
  }
},
{
  "model": "admin.logentry",
  "pk": 65,
  "fields": {
    "action_time": "2026-01-11T09:45:43.605Z",
    "user": 1,
    "content_type": 11,
    "object_id": "33",
    "object_repr": "Cold Coffee",
    "action_flag": 3,
    "change_message": ""
  }
},
{
  "model": "admin.logentry",
  "pk": 66,
  "fields": {
    "action_time": "2026-01-11T09:45:43.605Z",
    "user": 1,
    "content_type": 11,
    "object_id": "1",
    "object_repr": "Garlic Bread",
    "action_flag": 3,
    "change_message": ""
  }
},
{
  "model": "admin.logentry",
  "pk": 67,
  "fields": {
    "action_time": "2026-01-11T10:39:48.141Z",
    "user": 1,
    "content_type": 8,
    "object_id": "1",
    "object_repr": "7a7af77cea0e9e6182e3adb9a81a207912f13018",
    "action_flag": 1,
    "change_message": "[{\"added\": {}}]"
  }
},
{
  "model": "admin.logentry",
  "pk": 68,
  "fields": {
    "action_time": "2026-01-11T10:42:15.803Z",
    "user": 1,
    "content_type": 4,
    "object_id": "1",
    "object_repr": "LittleLemon",
    "action_flag": 2,
    "change_message": "[{\"changed\": {\"fields\": [\"Groups\", \"User permissions\"]}}]"
  }
},
{
  "model": "admin.logentry",
  "pk": 69,
  "fields": {
    "action_time": "2026-01-11T10:55:39.281Z",
    "user": 1,
    "content_type": 11,
    "object_id": "2",
    "object_repr": "Maggie",
    "action_flag": 2,
    "change_message": "[]"
  }
},
{
  "model": "admin.logentry",
  "pk": 70,
  "fields": {
    "action_time": "2026-01-11T10:56:42.168Z",
    "user": 1,
    "content_type": 11,
    "object_id": "2",
    "object_repr": "Maggie",
    "action_flag": 2,
    "change_message": "[{\"changed\": {\"fields\": [\"Featured\"]}}]"
  }
},
{
  "model": "admin.logentry",
  "pk": 71,
  "fields": {
    "action_time": "2026-01-11T10:56:48.796Z",
    "user": 1,
    "content_type": 11,
    "object_id": "2",
    "object_repr": "Maggie",
    "action_flag": 2,
    "change_message": "[{\"changed\": {\"fields\": [\"Featured\"]}}]"
  }
},
{
  "model": "auth.group",
  "pk": 1,
  "fields": {
    "name": "Manager",
    "permissions": [
      49,
      50,
      51,
      52,
      33,
      34,
      35,
      36,
      37,
      38,
      39,
      40,
      41,
      42,
      43,
      44,
      45,
      46,
      47,
      48,
      1,
      2,
      3,
      4,
      9,
      10,
      11,
      12,
      5,
      6,
      7,
      8,
      13,
      14,
      15,
      16,
      25,
      26,
      27,
      28,
      29,
      30,
      31,
      32,
      17,
      18,
      19,
      20,
      21,
      22,
      23,
      24
    ]
  }
},
{
  "model": "auth.group",
  "pk": 2,
  "fields": {
    "name": "Delivery crew",
    "permissions": [
      36,
      40,
      44,
      48,
      12,
      16,
      20
    ]
  }
},
{
  "model": "auth.user",
  "pk": 1,
  "fields": {
    "password": "pbkdf2_sha256$1200000$FxyoYrav89UiIMNTuLVm6y$GQiijF85EhFTOBl1OQJcxKt1Iifs6KdEyp4PmKl8DsM=",
    "last_login": "2026-01-11T06:15:19Z",
    "is_superuser": true,
    "username": "LittleLemon",
    "first_name": "",
    "last_name": "",
    "email": "LittleLemon@littlelemon.com",
    "is_staff": true,
    "is_active": true,
    "date_joined": "2026-01-11T06:14:18Z",
    "groups": [
      1
    ],
    "user_permissions": [
      49,
      50,
      51,
      52,
      33,
      34,
      35,
      36,
      37,
      38,
      39,
      40,
      41,
      42,
      43,
      44,
      45,
      46,
      47,
      48,
      1,
      2,
      3,
      4,
      9,
      10,
      11,
      12,
      5,
      6,
      7,
      8,
      13,
      14,
      15,
      16,
      25,
      26,
      27,
      28,
      29,
      30,
      31,
      32,
      17,
      18,
      19,
      20,
      21,
      22,
      23,
      24
    ]
  }
},
{
  "model": "auth.user",
  "pk": 2,
  "fields": {
    "password": "pbkdf2_sha256$1200000$YfODHV0WABTYYUr3xiGU7I$svziKQavI8PeU2gH+cS8NhUcKhcXn3NiD8DQ6bRA5mU=",
    "last_login": "2026-01-11T10:05:16.645Z",
    "is_superuser": false,
    "username": "abc",
    "first_name": "",
    "last_name": "",
    "email": "abc@gamil.com",
    "is_staff": false,
    "is_active": true,
    "date_joined": "2026-01-11T10:03:00.378Z",
    "groups": [],
    "user_permissions": []
  }
},
{
  "model": "sessions.session",
  "pk": "in9v5kxvqjzt7gsj1djmy4cjrttt9pfm",
  "fields": {
    "session_data": ".eJxVjMEOwiAQBf-FsyEslLJ49N5vIMCCVA0kpT0Z_9026UGvb2bemzm_rcVtPS1uJnZlwC6_W_DxmeoB6OHrvfHY6rrMgR8KP2nnU6P0up3u30Hxvey1EBpHyGGQkBNZjQIMRJUoeBo0jEIJFFKRsRl30xhUPttgCCxKhYZ9vrvXNpU:1veojP:JXxMMUAJZVKNKeMFVrlgKAiufqV2FTw6dkODEV13ysA",
    "expire_date": "2026-01-25T06:15:19.515Z"
  }
},
{
  "model": "authtoken.token",
  "pk": "7a7af77cea0e9e6182e3adb9a81a207912f13018",
  "fields": {
    "user": 1,
    "created": "2026-01-11T10:39:48.140Z"
  }
},
{
  "model": "authtoken.token",
  "pk": "d54192f4edf9f8460cf73631375221f23189078f",
  "fields": {
    "user": 2,
    "created": "2026-01-11T10:05:16.632Z"
  }
},
{
  "model": "LittleLemonAPI.category",
  "pk": 1,
  "fields": {
    "slug": "appetizers",
    "title": "Appetizers"
  }
},
{
  "model": "LittleLemonAPI.category",
  "pk": 2,
  "fields": {
    "slug": "main-course",
    "title": "Main Course"
  }
},
{
  "model": "LittleLemonAPI.category",
  "pk": 3,
  "fields": {
    "slug": "desserts",
    "title": "Desserts"
  }
},
{
  "model": "LittleLemonAPI.category",
  "pk": 4,
  "fields": {
    "slug": "beverages",
    "title": "Beverages"
  }
},
{
  "model": "LittleLemonAPI.category",
  "pk": 5,
  "fields": {
    "slug": "salads",
    "title": "Salads"
  }
},
{
  "model": "LittleLemonAPI.category",
  "pk": 6,
  "fields": {
    "slug": "soups",
    "title": "Soups"
  }
},
{
  "model": "LittleLemonAPI.category",
  "pk": 7,
  "fields": {
    "slug": "fast-food",
    "title": "Fast Food"
  }
},
{
  "model": "LittleLemonAPI.category",
  "pk": 8,
  "fields": {
    "slug": "seafood",
    "title": "Seafood"
  }
},
{
  "model": "LittleLemonAPI.category",
  "pk": 9,
  "fields": {
    "slug": "vegetarian",
    "title": "Vegetarian"
  }
},
{
  "model": "LittleLemonAPI.category",
  "pk": 10,
  "fields": {
    "slug": "breakfast",
    "title": "Breakfast"
  }
},
{
  "model": "LittleLemonAPI.menuitem",
  "pk": 2,
  "fields": {
    "title": "Maggie",
    "price": "50.00",
    "featured": false,
    "category": 10
  }
},
{
  "model": "LittleLemonAPI.menuitem",
  "pk": 3,
  "fields": {
    "title": "Spring Rolls",
    "price": "140.00",
    "featured": false,
    "category": 1
  }
},
{
  "model": "LittleLemonAPI.menuitem",
  "pk": 4,
  "fields": {
    "title": "Paneer Tikka",
    "price": "220.00",
    "featured": false,
    "category": 1
  }
},
{
  "model": "LittleLemonAPI.menuitem",
  "pk": 5,
  "fields": {
    "title": "Chicken Wings",
    "price": "260.00",
    "featured": false,
    "category": 1
  }
},
{
  "model": "LittleLemonAPI.menuitem",
  "pk": 6,
  "fields": {
    "title": "Caesar Salad",
    "price": "180.00",
    "featured": false,
    "category": 5
  }
},
{
  "model": "LittleLemonAPI.menuitem",
  "pk": 7,
  "fields": {
    "title": "Garden Fresh Salad",
    "price": "160.00",
    "featured": false,
    "category": 5
  }
},
{
  "model": "LittleLemonAPI.menuitem",
  "pk": 8,
  "fields": {
    "title": "Greek Salad",
    "price": "190.00",
    "featured": false,
    "category": 5
  }
},
{
  "model": "LittleLemonAPI.menuitem",
  "pk": 9,
  "fields": {
    "title": "Hot & Sour Soup",
    "price": "160.00",
    "featured": false,
    "category": 6
  }
},
{
  "model": "LittleLemonAPI.menuitem",
  "pk": 10,
  "fields": {
    "title": "Sweet Corn Soup",
    "price": "150.00",
    "featured": false,
    "category": 6
  }
},
{
  "model": "LittleLemonAPI.menuitem",
  "pk": 11,
  "fields": {
    "title": "Tomato Soup",
    "price": "130.00",
    "featured": false,
    "category": 6
  }
},
{
  "model": "LittleLemonAPI.menuitem",
  "pk": 12,
  "fields": {
    "title": "Club Sandwich",
    "price": "200.00",
    "featured": false,
    "category": 7
  }
},
{
  "model": "LittleLemonAPI.menuitem",
  "pk": 13,
  "fields": {
    "title": "French Fries",
    "price": "120.00",
    "featured": false,
    "category": 7
  }
},
{
  "model": "LittleLemonAPI.menuitem",
  "pk": 14,
  "fields": {
    "title": "Chicken Burger",
    "price": "220.00",
    "featured": false,
    "category": 7
  }
},
{
  "model": "LittleLemonAPI.menuitem",
  "pk": 15,
  "fields": {
    "title": "Veg Burger",
    "price": "180.00",
    "featured": false,
    "category": 7
  }
},
{
  "model": "LittleLemonAPI.menuitem",
  "pk": 16,
  "fields": {
    "title": "Margherita Pizza",
    "price": "280.00",
    "featured": false,
    "category": 2
  }
},
{
  "model": "LittleLemonAPI.menuitem",
  "pk": 17,
  "fields": {
    "title": "Farmhouse Pizza",
    "price": "320.00",
    "featured": false,
    "category": 2
  }
},
{
  "model": "LittleLemonAPI.menuitem",
  "pk": 18,
  "fields": {
    "title": "Pepperoni Pizza",
    "price": "350.00",
    "featured": false,
    "category": 2
  }
},
{
  "model": "LittleLemonAPI.menuitem",
  "pk": 19,
  "fields": {
    "title": "Veg Biryani",
    "price": "240.00",
    "featured": false,
    "category": 2
  }
},
{
  "model": "LittleLemonAPI.menuitem",
  "pk": 20,
  "fields": {
    "title": "Chicken Biryani",
    "price": "300.00",
    "featured": false,
    "category": 2
  }
},
{
  "model": "LittleLemonAPI.menuitem",
  "pk": 21,
  "fields": {
    "title": "Paneer Butter Masala",
    "price": "260.00",
    "featured": false,
    "category": 2
  }
},
{
  "model": "LittleLemonAPI.menuitem",
  "pk": 22,
  "fields": {
    "title": "Butter Chicken",
    "price": "320.00",
    "featured": false,
    "category": 2
  }
},
{
  "model": "LittleLemonAPI.menuitem",
  "pk": 23,
  "fields": {
    "title": "Veg Noodles",
    "price": "220.00",
    "featured": false,
    "category": 9
  }
},
{
  "model": "LittleLemonAPI.menuitem",
  "pk": 24,
  "fields": {
    "title": "Veg Fried Rice",
    "price": "210.00",
    "featured": false,
    "category": 9
  }
},
{
  "model": "LittleLemonAPI.menuitem",
  "pk": 25,
  "fields": {
    "title": "Dal Tadka",
    "price": "200.00",
    "featured": false,
    "category": 9
  }
},
{
  "model": "LittleLemonAPI.menuitem",
  "pk": 26,
  "fields": {
    "title": "Prawn Masala",
    "price": "420.00",
    "featured": false,
    "category": 8
  }
},
{
  "model": "LittleLemonAPI.menuitem",
  "pk": 27,
  "fields": {
    "title": "Fish Curry",
    "price": "360.00",
    "featured": false,
    "category": 8
  }
},
{
  "model": "LittleLemonAPI.menuitem",
  "pk": 28,
  "fields": {
    "title": "Grilled Fish",
    "price": "380.00",
    "featured": false,
    "category": 8
  }
},
{
  "model": "LittleLemonAPI.menuitem",
  "pk": 29,
  "fields": {
    "title": "Fresh Orange Juice",
    "price": "110.00",
    "featured": false,
    "category": 4
  }
},
{
  "model": "LittleLemonAPI.menuitem",
  "pk": 30,
  "fields": {
    "title": "Masala Tea",
    "price": "70.00",
    "featured": false,
    "category": 4
  }
},
{
  "model": "LittleLemonAPI.menuitem",
  "pk": 31,
  "fields": {
    "title": "Lemonade",
    "price": "90.00",
    "featured": false,
    "category": 4
  }
},
{
  "model": "LittleLemonAPI.menuitem",
  "pk": 32,
  "fields": {
    "title": "Cold Coffee",
    "price": "140.00",
    "featured": false,
    "category": 4
  }
},
{
  "model": "LittleLemonAPI.menuitem",
  "pk": 34,
  "fields": {
    "title": "Chocolate Brownie",
    "price": "150.00",
    "featured": false,
    "category": 3
  }
},
{
  "model": "LittleLemonAPI.menuitem",
  "pk": 35,
  "fields": {
    "title": "Cheesecake",
    "price": "180.00",
    "featured": false,
    "category": 3
  }
},
{
  "model": "LittleLemonAPI.menuitem",
  "pk": 36,
  "fields": {
    "title": "Gulab Jamun",
    "price": "100.00",
    "featured": false,
    "category": 3
  }
},
{
  "model": "LittleLemonAPI.menuitem",
  "pk": 37,
  "fields": {
    "title": "Vanilla Ice Cream",
    "price": "120.00",
    "featured": false,
    "category": 3
  }
},
{
  "model": "LittleLemonAPI.menuitem",
  "pk": 38,
  "fields": {
    "title": "Chicken Thali",
    "price": "340.00",
    "featured": false,
    "category": 2
  }
},
{
  "model": "LittleLemonAPI.menuitem",
  "pk": 39,
  "fields": {
    "title": "Tandoori Roti",
    "price": "30.00",
    "featured": false,
    "category": 2
  }
},
{
  "model": "LittleLemonAPI.menuitem",
  "pk": 40,
  "fields": {
    "title": "Butter Naan",
    "price": "45.00",
    "featured": false,
    "category": 2
  }
},
{
  "model": "LittleLemonAPI.menuitem",
  "pk": 41,
  "fields": {
    "title": "Ice Tea",
    "price": "120.00",
    "featured": false,
    "category": 4
  }
},
{
  "model": "LittleLemonAPI.menuitem",
  "pk": 42,
  "fields": {
    "title": "Strawberry Milkshake",
    "price": "160.00",
    "featured": false,
    "category": 4
  }
},
{
  "model": "LittleLemonAPI.menuitem",
  "pk": 43,
  "fields": {
    "title": "Fruit Salad",
    "price": "140.00",
    "featured": false,
    "category": 3
  }
},
{
  "model": "LittleLemonAPI.menuitem",
  "pk": 44,
  "fields": {
    "title": "Sizzling Brownie",
    "price": "220.00",
    "featured": false,
    "category": 3
  }
},
{
  "model": "LittleLemonAPI.menuitem",
  "pk": 45,
  "fields": {
    "title": "Veg Thali",
    "price": "280.00",
    "featured": false,
    "category": 9
  }
},
{
  "model": "LittleLemonAPI.menuitem",
  "pk": 46,
  "fields": {
    "title": "Idli Sambhar",
    "price": "140.00",
    "featured": false,
    "category": 10
  }
},
{
  "model": "LittleLemonAPI.menuitem",
  "pk": 47,
  "fields": {
    "title": "Masala Dosa",
    "price": "160.00",
    "featured": false,
    "category": 10
  }
},
{
  "model": "LittleLemonAPI.menuitem",
  "pk": 48,
  "fields": {
    "title": "Omelette",
    "price": "130.00",
    "featured": false,
    "category": 10
  }
},
{
  "model": "LittleLemonAPI.menuitem",
  "pk": 49,
  "fields": {
    "title": "Toast & Butter",
    "price": "90.00",
    "featured": false,
    "category": 10
  }
},
{
  "model": "LittleLemonAPI.menuitem",
  "pk": 50,
  "fields": {
    "title": "Pancakes",
    "price": "170.00",
    "featured": false,
    "category": 10
  }
},
{
  "model": "LittleLemonAPI.cart",
  "pk": 4,
  "fields": {
    "user": 1,
    "menuitem": 4,
    "quantity": 2,
    "unit_price": "220.00",
    "price": "440.00"
  }
},
{
  "model": "LittleLemonAPI.cart",
  "pk": 5,
  "fields": {
    "user": 1,
    "menuitem": 2,
    "quantity": 5,
    "unit_price": "50.00",
    "price": "250.00"
  }
},
{
  "model": "LittleLemonAPI.cart",
  "pk": 6,
  "fields": {
    "user": 1,
    "menuitem": 5,
    "quantity": 3,
    "unit_price": "260.00",
    "price": "780.00"
  }
}
]
